amt,trans_num,,,,is_fraud
2.86,2da90c7d74bd46a0caf3777415b3ebd3,,,,0
2.86,2da90c7d74bd46a0caf3777415b3ebd4,,,,0
2.86,2da90c7d74bd46a0caf3777415b3ebd5,,,,0
2.86,2da90c7d74bd46a0caf3777415b3ebd6,,,,0
2.86,2da90c7d74bd46a0caf3777415b3ebd7,,,,0
2.86,2da90c7d74bd46a0caf3777415b3ebd8,,,,0
2.86,2da90c7d74bd46a0caf3777415b3ebd9,,,,0
2.86,2da90c7d74bd46a0caf3777415b3ebd10,,,,1
2.86,2da90c7d74bd46a0caf3777415b3ebd11,,,,0
2.86,2da90c7d74bd46a0caf3777415b3ebd12,,,,0
2.86,2da90c7d74bd46a0caf3777415b3ebd13,,,,0
2.86,2da90c7d74bd46a0caf3777415b3ebd14,,,,0
2.86,2da90c7d74bd46a0caf3777415b3ebd15,,,,0
2.86,2da90c7d74bd46a0caf3777415b3ebd16,,,,0
2.86,2da90c7d74bd46a0caf3777415b3ebd17,,,,0
2.86,2da90c7d74bd46a0caf3777415b3ebd18,,,,0
2.86,2da90c7d74bd46a0caf3777415b3ebd19,,,,0
2.86,2da90c7d74bd46a0caf3777415b3ebd20,,,,0
2.86,2da90c7d74bd46a0caf3777415b3ebd21,,,,0
2.86,2da90c7d74bd46a0caf3777415b3ebd22,,,,0
2.86,2da90c7d74bd46a0caf3777415b3ebd23,,,,0
2.86,2da90c7d74bd46a0caf3777415b3ebd24,,,,0
2.86,2da90c7d74bd46a0caf3777415b3ebd25,,,,0
2.86,2da90c7d74bd46a0caf3777415b3ebd26,,,,0
2.86,2da90c7d74bd46a0caf3777415b3ebd27,,,,0
2.86,2da90c7d74bd46a0caf3777415b3ebd28,,,,0
2.86,2da90c7d74bd46a0caf3777415b3ebd29,,,,0
2.86,2da90c7d74bd46a0caf3777415b3ebd30,,,,0
2.86,2da90c7d74bd46a0caf3777415b3ebd31,,,,0
2.86,2da90c7d74bd46a0caf3777415b3ebd32,,,,0
2.86,2da90c7d74bd46a0caf3777415b3ebd33,,,,0
2.86,2da90c7d74bd46a0caf3777415b3ebd34,,,,0
2.86,2da90c7d74bd46a0caf3777415b3ebd35,,,,0
2.86,2da90c7d74bd46a0caf3777415b3ebd36,,,,0
2.86,2da90c7d74bd46a0caf3777415b3ebd37,,,,0
2.86,2da90c7d74bd46a0caf3777415b3ebd38,,,,0
2.86,2da90c7d74bd46a0caf3777415b3ebd39,,,,0
2.86,2da90c7d74bd46a0caf3777415b3ebd40,,,,0
2.86,2da90c7d74bd46a0caf3777415b3ebd41,,,,0
2.86,2da90c7d74bd46a0caf3777415b3ebd42,,,,0
2.86,2da90c7d74bd46a0caf3777415b3ebd43,,,,0
2.86,2da90c7d74bd46a0caf3777415b3ebd44,,,,0
2.86,2da90c7d74bd46a0caf3777415b3ebd45,,,,0
2.86,2da90c7d74bd46a0caf3777415b3ebd46,,,,0
2.86,2da90c7d74bd46a0caf3777415b3ebd47,,,,0
2.86,2da90c7d74bd46a0caf3777415b3ebd48,,,,0
2.86,2da90c7d74bd46a0caf3777415b3ebd49,,,,0
2.86,2da90c7d74bd46a0caf3777415b3ebd50,,,,0
2.86,2da90c7d74bd46a0caf3777415b3ebd51,,,,0
2.86,2da90c7d74bd46a0caf3777415b3ebd52,,,,0
2.86,2da90c7d74bd46a0caf3777415b3ebd53,,,,0
2.86,2da90c7d74bd46a0caf3777415b3ebd54,,,,0
2.86,2da90c7d74bd46a0caf3777415b3ebd55,,,,0
2.86,2da90c7d74bd46a0caf3777415b3ebd56,,,,0
2.86,2da90c7d74bd46a0caf3777415b3ebd57,,,,0
2.86,2da90c7d74bd46a0caf3777415b3ebd58,,,,0
2.86,2da90c7d74bd46a0caf3777415b3ebd59,,,,0
2.86,2da90c7d74bd46a0caf3777415b3ebd60,,,,0
2.86,2da90c7d74bd46a0caf3777415b3ebd61,,,,0
2.86,2da90c7d74bd46a0caf3777415b3ebd62,,,,0
2.86,2da90c7d74bd46a0caf3777415b3ebd63,,,,0
2.86,2da90c7d74bd46a0caf3777415b3ebd64,,,,0
2.86,2da90c7d74bd46a0caf3777415b3ebd65,,,,0
2.86,2da90c7d74bd46a0caf3777415b3ebd66,,,,0
2.86,2da90c7d74bd46a0caf3777415b3ebd67,,,,0
2.86,2da90c7d74bd46a0caf3777415b3ebd68,,,,0
2.86,2da90c7d74bd46a0caf3777415b3ebd69,,,,0
2.86,2da90c7d74bd46a0caf3777415b3ebd70,,,,0
2.86,2da90c7d74bd46a0caf3777415b3ebd71,,,,0
2.86,2da90c7d74bd46a0caf3777415b3ebd72,,,,0
2.86,2da90c7d74bd46a0caf3777415b3ebd73,,,,0
2.86,2da90c7d74bd46a0caf3777415b3ebd74,,,,0
2.86,2da90c7d74bd46a0caf3777415b3ebd75,,,,0
2.86,2da90c7d74bd46a0caf3777415b3ebd76,,,,0
2.86,2da90c7d74bd46a0caf3777415b3ebd77,,,,0
2.86,2da90c7d74bd46a0caf3777415b3ebd78,,,,0
2.86,2da90c7d74bd46a0caf3777415b3ebd79,,,,0
2.86,2da90c7d74bd46a0caf3777415b3ebd80,,,,0
2.86,2da90c7d74bd46a0caf3777415b3ebd81,,,,0
2.86,2da90c7d74bd46a0caf3777415b3ebd82,,,,0
2.86,2da90c7d74bd46a0caf3777415b3ebd83,,,,0
2.86,2da90c7d74bd46a0caf3777415b3ebd84,,,,0
2.86,2da90c7d74bd46a0caf3777415b3ebd85,,,,0
2.86,2da90c7d74bd46a0caf3777415b3ebd86,,,,0
2.86,2da90c7d74bd46a0caf3777415b3ebd87,,,,0
2.86,2da90c7d74bd46a0caf3777415b3ebd88,,,,0
2.86,2da90c7d74bd46a0caf3777415b3ebd89,,,,0
2.86,2da90c7d74bd46a0caf3777415b3ebd90,,,,0
2.86,2da90c7d74bd46a0caf3777415b3ebd91,,,,0
2.86,2da90c7d74bd46a0caf3777415b3ebd92,,,,0
2.86,2da90c7d74bd46a0caf3777415b3ebd93,,,,0
2.86,2da90c7d74bd46a0caf3777415b3ebd94,,,,0
2.86,2da90c7d74bd46a0caf3777415b3ebd95,,,,0
2.86,2da90c7d74bd46a0caf3777415b3ebd96,,,,0
2.86,2da90c7d74bd46a0caf3777415b3ebd97,,,,0
2.86,2da90c7d74bd46a0caf3777415b3ebd98,,,,0
2.86,2da90c7d74bd46a0caf3777415b3ebd99,,,,0
2.86,2da90c7d74bd46a0caf3777415b3ebd100,,,,0
2.86,2da90c7d74bd46a0caf3777415b3ebd101,,,,0
2.86,2da90c7d74bd46a0caf3777415b3ebd102,,,,0
2.86,2da90c7d74bd46a0caf3777415b3ebd103,,,,0
2.86,2da90c7d74bd46a0caf3777415b3ebd104,,,,0
2.86,2da90c7d74bd46a0caf3777415b3ebd105,,,,0
2.86,2da90c7d74bd46a0caf3777415b3ebd106,,,,0
2.86,2da90c7d74bd46a0caf3777415b3ebd107,,,,0
2.86,2da90c7d74bd46a0caf3777415b3ebd108,,,,0
2.86,2da90c7d74bd46a0caf3777415b3ebd109,,,,0
2.86,2da90c7d74bd46a0caf3777415b3ebd110,,,,0
2.86,2da90c7d74bd46a0caf3777415b3ebd111,,,,0
2.86,2da90c7d74bd46a0caf3777415b3ebd112,,,,0
2.86,2da90c7d74bd46a0caf3777415b3ebd113,,,,0
2.86,2da90c7d74bd46a0caf3777415b3ebd114,,,,0
2.86,2da90c7d74bd46a0caf3777415b3ebd115,,,,0
2.86,2da90c7d74bd46a0caf3777415b3ebd116,,,,0
2.86,2da90c7d74bd46a0caf3777415b3ebd117,,,,0
2.86,2da90c7d74bd46a0caf3777415b3ebd118,,,,0
2.86,2da90c7d74bd46a0caf3777415b3ebd119,,,,0
2.86,2da90c7d74bd46a0caf3777415b3ebd120,,,,0
2.86,2da90c7d74bd46a0caf3777415b3ebd121,,,,0
2.86,2da90c7d74bd46a0caf3777415b3ebd122,,,,0
2.86,2da90c7d74bd46a0caf3777415b3ebd123,,,,0
2.86,2da90c7d74bd46a0caf3777415b3ebd124,,,,0
2.86,2da90c7d74bd46a0caf3777415b3ebd125,,,,0
2.86,2da90c7d74bd46a0caf3777415b3ebd126,,,,0
2.86,2da90c7d74bd46a0caf3777415b3ebd127,,,,0
2.86,2da90c7d74bd46a0caf3777415b3ebd128,,,,0
2.86,2da90c7d74bd46a0caf3777415b3ebd129,,,,0
2.86,2da90c7d74bd46a0caf3777415b3ebd130,,,,0
2.86,2da90c7d74bd46a0caf3777415b3ebd131,,,,0
2.86,2da90c7d74bd46a0caf3777415b3ebd132,,,,0
2.86,2da90c7d74bd46a0caf3777415b3ebd133,,,,0
2.86,2da90c7d74bd46a0caf3777415b3ebd134,,,,0
2.86,2da90c7d74bd46a0caf3777415b3ebd135,,,,0
2.86,2da90c7d74bd46a0caf3777415b3ebd136,,,,0
2.86,2da90c7d74bd46a0caf3777415b3ebd137,,,,0
2.86,2da90c7d74bd46a0caf3777415b3ebd138,,,,0
2.86,2da90c7d74bd46a0caf3777415b3ebd139,,,,0
2.86,2da90c7d74bd46a0caf3777415b3ebd140,,,,0
2.86,2da90c7d74bd46a0caf3777415b3ebd141,,,,0
2.86,2da90c7d74bd46a0caf3777415b3ebd142,,,,0
2.86,2da90c7d74bd46a0caf3777415b3ebd143,,,,0
2.86,2da90c7d74bd46a0caf3777415b3ebd144,,,,0
2.86,2da90c7d74bd46a0caf3777415b3ebd145,,,,0
2.86,2da90c7d74bd46a0caf3777415b3ebd146,,,,0
2.86,2da90c7d74bd46a0caf3777415b3ebd147,,,,0
2.86,2da90c7d74bd46a0caf3777415b3ebd148,,,,0
2.86,2da90c7d74bd46a0caf3777415b3ebd149,,,,0
2.86,2da90c7d74bd46a0caf3777415b3ebd150,,,,0
2.86,2da90c7d74bd46a0caf3777415b3ebd151,,,,0
2.86,2da90c7d74bd46a0caf3777415b3ebd152,,,,0
2.86,2da90c7d74bd46a0caf3777415b3ebd153,,,,0
2.86,2da90c7d74bd46a0caf3777415b3ebd154,,,,0
2.86,2da90c7d74bd46a0caf3777415b3ebd155,,,,0
2.86,2da90c7d74bd46a0caf3777415b3ebd156,,,,0
2.86,2da90c7d74bd46a0caf3777415b3ebd157,,,,0
2.86,2da90c7d74bd46a0caf3777415b3ebd158,,,,0
2.86,2da90c7d74bd46a0caf3777415b3ebd159,,,,0
2.86,2da90c7d74bd46a0caf3777415b3ebd160,,,,0
2.86,2da90c7d74bd46a0caf3777415b3ebd161,,,,0
2.86,2da90c7d74bd46a0caf3777415b3ebd162,,,,0
2.86,2da90c7d74bd46a0caf3777415b3ebd163,,,,0
2.86,2da90c7d74bd46a0caf3777415b3ebd164,,,,0
2.86,2da90c7d74bd46a0caf3777415b3ebd165,,,,0
2.86,2da90c7d74bd46a0caf3777415b3ebd166,,,,0
2.86,2da90c7d74bd46a0caf3777415b3ebd167,,,,0
2.86,2da90c7d74bd46a0caf3777415b3ebd168,,,,0
2.86,2da90c7d74bd46a0caf3777415b3ebd169,,,,0
2.86,2da90c7d74bd46a0caf3777415b3ebd170,,,,0
2.86,2da90c7d74bd46a0caf3777415b3ebd171,,,,0
2.86,2da90c7d74bd46a0caf3777415b3ebd172,,,,0
2.86,2da90c7d74bd46a0caf3777415b3ebd173,,,,0
2.86,2da90c7d74bd46a0caf3777415b3ebd174,,,,0
2.86,2da90c7d74bd46a0caf3777415b3ebd175,,,,0
2.86,2da90c7d74bd46a0caf3777415b3ebd176,,,,0
2.86,2da90c7d74bd46a0caf3777415b3ebd177,,,,0
2.86,2da90c7d74bd46a0caf3777415b3ebd178,,,,0
2.86,2da90c7d74bd46a0caf3777415b3ebd179,,,,0
2.86,2da90c7d74bd46a0caf3777415b3ebd180,,,,0
2.86,2da90c7d74bd46a0caf3777415b3ebd181,,,,0
2.86,2da90c7d74bd46a0caf3777415b3ebd182,,,,0
2.86,2da90c7d74bd46a0caf3777415b3ebd183,,,,0
2.86,2da90c7d74bd46a0caf3777415b3ebd184,,,,0
2.86,2da90c7d74bd46a0caf3777415b3ebd185,,,,0
2.86,2da90c7d74bd46a0caf3777415b3ebd186,,,,0
2.86,2da90c7d74bd46a0caf3777415b3ebd187,,,,0
2.86,2da90c7d74bd46a0caf3777415b3ebd188,,,,0
2.86,2da90c7d74bd46a0caf3777415b3ebd189,,,,0
2.86,2da90c7d74bd46a0caf3777415b3ebd190,,,,0
2.86,2da90c7d74bd46a0caf3777415b3ebd191,,,,0
2.86,2da90c7d74bd46a0caf3777415b3ebd192,,,,0
2.86,2da90c7d74bd46a0caf3777415b3ebd193,,,,0
2.86,2da90c7d74bd46a0caf3777415b3ebd194,,,,0
2.86,2da90c7d74bd46a0caf3777415b3ebd195,,,,0
2.86,2da90c7d74bd46a0caf3777415b3ebd196,,,,0
2.86,2da90c7d74bd46a0caf3777415b3ebd197,,,,0
2.86,2da90c7d74bd46a0caf3777415b3ebd198,,,,0
2.86,2da90c7d74bd46a0caf3777415b3ebd199,,,,0
2.86,2da90c7d74bd46a0caf3777415b3ebd200,,,,0
2.86,2da90c7d74bd46a0caf3777415b3ebd201,,,,0
2.86,2da90c7d74bd46a0caf3777415b3ebd202,,,,0
2.86,2da90c7d74bd46a0caf3777415b3ebd203,,,,0
2.86,2da90c7d74bd46a0caf3777415b3ebd204,,,,0
2.86,2da90c7d74bd46a0caf3777415b3ebd205,,,,0
2.86,2da90c7d74bd46a0caf3777415b3ebd206,,,,0
2.86,2da90c7d74bd46a0caf3777415b3ebd207,,,,0
2.86,2da90c7d74bd46a0caf3777415b3ebd208,,,,0
2.86,2da90c7d74bd46a0caf3777415b3ebd209,,,,0
2.86,2da90c7d74bd46a0caf3777415b3ebd210,,,,0
2.86,2da90c7d74bd46a0caf3777415b3ebd211,,,,0
2.86,2da90c7d74bd46a0caf3777415b3ebd212,,,,0
2.86,2da90c7d74bd46a0caf3777415b3ebd213,,,,0
2.86,2da90c7d74bd46a0caf3777415b3ebd214,,,,0
2.86,2da90c7d74bd46a0caf3777415b3ebd215,,,,0
2.86,2da90c7d74bd46a0caf3777415b3ebd216,,,,0
2.86,2da90c7d74bd46a0caf3777415b3ebd217,,,,0
2.86,2da90c7d74bd46a0caf3777415b3ebd218,,,,0
2.86,2da90c7d74bd46a0caf3777415b3ebd219,,,,0
2.86,2da90c7d74bd46a0caf3777415b3ebd220,,,,0
2.86,2da90c7d74bd46a0caf3777415b3ebd221,,,,0
2.86,2da90c7d74bd46a0caf3777415b3ebd222,,,,0
2.86,2da90c7d74bd46a0caf3777415b3ebd223,,,,0
2.86,2da90c7d74bd46a0caf3777415b3ebd224,,,,0
2.86,2da90c7d74bd46a0caf3777415b3ebd225,,,,0
2.86,2da90c7d74bd46a0caf3777415b3ebd226,,,,0
2.86,2da90c7d74bd46a0caf3777415b3ebd227,,,,0
2.86,2da90c7d74bd46a0caf3777415b3ebd228,,,,0
2.86,2da90c7d74bd46a0caf3777415b3ebd229,,,,0
2.86,2da90c7d74bd46a0caf3777415b3ebd230,,,,0
2.86,2da90c7d74bd46a0caf3777415b3ebd231,,,,0
2.86,2da90c7d74bd46a0caf3777415b3ebd232,,,,0
2.86,2da90c7d74bd46a0caf3777415b3ebd233,,,,0
2.86,2da90c7d74bd46a0caf3777415b3ebd234,,,,0
2.86,2da90c7d74bd46a0caf3777415b3ebd235,,,,0
2.86,2da90c7d74bd46a0caf3777415b3ebd236,,,,0
2.86,2da90c7d74bd46a0caf3777415b3ebd237,,,,0
2.86,2da90c7d74bd46a0caf3777415b3ebd238,,,,0
2.86,2da90c7d74bd46a0caf3777415b3ebd239,,,,0
2.86,2da90c7d74bd46a0caf3777415b3ebd240,,,,0
2.86,2da90c7d74bd46a0caf3777415b3ebd241,,,,0
2.86,2da90c7d74bd46a0caf3777415b3ebd242,,,,0
2.86,2da90c7d74bd46a0caf3777415b3ebd243,,,,0
2.86,2da90c7d74bd46a0caf3777415b3ebd244,,,,0
2.86,2da90c7d74bd46a0caf3777415b3ebd245,,,,0
2.86,2da90c7d74bd46a0caf3777415b3ebd246,,,,0
2.86,2da90c7d74bd46a0caf3777415b3ebd247,,,,0
2.86,2da90c7d74bd46a0caf3777415b3ebd248,,,,0
2.86,2da90c7d74bd46a0caf3777415b3ebd249,,,,0
2.86,2da90c7d74bd46a0caf3777415b3ebd250,,,,0
2.86,2da90c7d74bd46a0caf3777415b3ebd251,,,,0
2.86,2da90c7d74bd46a0caf3777415b3ebd252,,,,0
2.86,2da90c7d74bd46a0caf3777415b3ebd253,,,,0
2.86,2da90c7d74bd46a0caf3777415b3ebd254,,,,0
2.86,2da90c7d74bd46a0caf3777415b3ebd255,,,,0
2.86,2da90c7d74bd46a0caf3777415b3ebd256,,,,0
2.86,2da90c7d74bd46a0caf3777415b3ebd257,,,,0
2.86,2da90c7d74bd46a0caf3777415b3ebd258,,,,0
2.86,2da90c7d74bd46a0caf3777415b3ebd259,,,,0
2.86,2da90c7d74bd46a0caf3777415b3ebd260,,,,0
2.86,2da90c7d74bd46a0caf3777415b3ebd261,,,,0
2.86,2da90c7d74bd46a0caf3777415b3ebd262,,,,0
2.86,2da90c7d74bd46a0caf3777415b3ebd263,,,,0
2.86,2da90c7d74bd46a0caf3777415b3ebd264,,,,0
2.86,2da90c7d74bd46a0caf3777415b3ebd265,,,,0
2.86,2da90c7d74bd46a0caf3777415b3ebd266,,,,0
2.86,2da90c7d74bd46a0caf3777415b3ebd267,,,,0
2.86,2da90c7d74bd46a0caf3777415b3ebd268,,,,0
2.86,2da90c7d74bd46a0caf3777415b3ebd269,,,,0
2.86,2da90c7d74bd46a0caf3777415b3ebd270,,,,0
2.86,2da90c7d74bd46a0caf3777415b3ebd271,,,,0
2.86,2da90c7d74bd46a0caf3777415b3ebd272,,,,0
2.86,2da90c7d74bd46a0caf3777415b3ebd273,,,,0
2.86,2da90c7d74bd46a0caf3777415b3ebd274,,,,0
2.86,2da90c7d74bd46a0caf3777415b3ebd275,,,,0
2.86,2da90c7d74bd46a0caf3777415b3ebd276,,,,0
2.86,2da90c7d74bd46a0caf3777415b3ebd277,,,,0
2.86,2da90c7d74bd46a0caf3777415b3ebd278,,,,0
2.86,2da90c7d74bd46a0caf3777415b3ebd279,,,,0
2.86,2da90c7d74bd46a0caf3777415b3ebd280,,,,0
2.86,2da90c7d74bd46a0caf3777415b3ebd281,,,,0
2.86,2da90c7d74bd46a0caf3777415b3ebd282,,,,0
2.86,2da90c7d74bd46a0caf3777415b3ebd283,,,,0
2.86,2da90c7d74bd46a0caf3777415b3ebd284,,,,0
2.86,2da90c7d74bd46a0caf3777415b3ebd285,,,,0
2.86,2da90c7d74bd46a0caf3777415b3ebd286,,,,0
2.86,2da90c7d74bd46a0caf3777415b3ebd287,,,,0
2.86,2da90c7d74bd46a0caf3777415b3ebd288,,,,0
2.86,2da90c7d74bd46a0caf3777415b3ebd289,,,,0
2.86,2da90c7d74bd46a0caf3777415b3ebd290,,,,0
2.86,2da90c7d74bd46a0caf3777415b3ebd291,,,,0
2.86,2da90c7d74bd46a0caf3777415b3ebd292,,,,0
2.86,2da90c7d74bd46a0caf3777415b3ebd293,,,,0
2.86,2da90c7d74bd46a0caf3777415b3ebd294,,,,0
2.86,2da90c7d74bd46a0caf3777415b3ebd295,,,,0
2.86,2da90c7d74bd46a0caf3777415b3ebd296,,,,0
2.86,2da90c7d74bd46a0caf3777415b3ebd297,,,,0
2.86,2da90c7d74bd46a0caf3777415b3ebd298,,,,0
2.86,2da90c7d74bd46a0caf3777415b3ebd299,,,,0
2.86,2da90c7d74bd46a0caf3777415b3ebd300,,,,0
2.86,2da90c7d74bd46a0caf3777415b3ebd301,,,,0
2.86,2da90c7d74bd46a0caf3777415b3ebd302,,,,0
2.86,2da90c7d74bd46a0caf3777415b3ebd303,,,,0
2.86,2da90c7d74bd46a0caf3777415b3ebd304,,,,0
2.86,2da90c7d74bd46a0caf3777415b3ebd305,,,,0
2.86,2da90c7d74bd46a0caf3777415b3ebd306,,,,0
2.86,2da90c7d74bd46a0caf3777415b3ebd307,,,,0
2.86,2da90c7d74bd46a0caf3777415b3ebd308,,,,0
2.86,2da90c7d74bd46a0caf3777415b3ebd309,,,,0
2.86,2da90c7d74bd46a0caf3777415b3ebd310,,,,0
2.86,2da90c7d74bd46a0caf3777415b3ebd311,,,,0
2.86,2da90c7d74bd46a0caf3777415b3ebd312,,,,0
2.86,2da90c7d74bd46a0caf3777415b3ebd313,,,,0
2.86,2da90c7d74bd46a0caf3777415b3ebd314,,,,0
2.86,2da90c7d74bd46a0caf3777415b3ebd315,,,,0
2.86,2da90c7d74bd46a0caf3777415b3ebd316,,,,0
2.86,2da90c7d74bd46a0caf3777415b3ebd317,,,,0
2.86,2da90c7d74bd46a0caf3777415b3ebd318,,,,0
2.86,2da90c7d74bd46a0caf3777415b3ebd319,,,,0
2.86,2da90c7d74bd46a0caf3777415b3ebd320,,,,0
2.86,2da90c7d74bd46a0caf3777415b3ebd321,,,,0
2.86,2da90c7d74bd46a0caf3777415b3ebd322,,,,0
2.86,2da90c7d74bd46a0caf3777415b3ebd323,,,,0
2.86,2da90c7d74bd46a0caf3777415b3ebd324,,,,0
2.86,2da90c7d74bd46a0caf3777415b3ebd325,,,,0
2.86,2da90c7d74bd46a0caf3777415b3ebd326,,,,0
2.86,2da90c7d74bd46a0caf3777415b3ebd327,,,,0
2.86,2da90c7d74bd46a0caf3777415b3ebd328,,,,0
2.86,2da90c7d74bd46a0caf3777415b3ebd329,,,,0
2.86,2da90c7d74bd46a0caf3777415b3ebd330,,,,0
2.86,2da90c7d74bd46a0caf3777415b3ebd331,,,,0
2.86,2da90c7d74bd46a0caf3777415b3ebd332,,,,0
2.86,2da90c7d74bd46a0caf3777415b3ebd333,,,,0
2.86,2da90c7d74bd46a0caf3777415b3ebd334,,,,0
2.86,2da90c7d74bd46a0caf3777415b3ebd335,,,,0
2.86,2da90c7d74bd46a0caf3777415b3ebd336,,,,0
2.86,2da90c7d74bd46a0caf3777415b3ebd337,,,,0
2.86,2da90c7d74bd46a0caf3777415b3ebd338,,,,0
2.86,2da90c7d74bd46a0caf3777415b3ebd339,,,,0
2.86,2da90c7d74bd46a0caf3777415b3ebd340,,,,0
2.86,2da90c7d74bd46a0caf3777415b3ebd341,,,,0
2.86,2da90c7d74bd46a0caf3777415b3ebd342,,,,0
2.86,2da90c7d74bd46a0caf3777415b3ebd343,,,,0
2.86,2da90c7d74bd46a0caf3777415b3ebd344,,,,0
2.86,2da90c7d74bd46a0caf3777415b3ebd345,,,,0
2.86,2da90c7d74bd46a0caf3777415b3ebd346,,,,0
2.86,2da90c7d74bd46a0caf3777415b3ebd347,,,,0
2.86,2da90c7d74bd46a0caf3777415b3ebd348,,,,0
2.86,2da90c7d74bd46a0caf3777415b3ebd349,,,,0
2.86,2da90c7d74bd46a0caf3777415b3ebd350,,,,0
2.86,2da90c7d74bd46a0caf3777415b3ebd351,,,,0
2.86,2da90c7d74bd46a0caf3777415b3ebd352,,,,0
2.86,2da90c7d74bd46a0caf3777415b3ebd353,,,,0
2.86,2da90c7d74bd46a0caf3777415b3ebd354,,,,0
2.86,2da90c7d74bd46a0caf3777415b3ebd355,,,,0
2.86,2da90c7d74bd46a0caf3777415b3ebd356,,,,0
2.86,2da90c7d74bd46a0caf3777415b3ebd357,,,,0
2.86,2da90c7d74bd46a0caf3777415b3ebd358,,,,0
2.86,2da90c7d74bd46a0caf3777415b3ebd359,,,,0
2.86,2da90c7d74bd46a0caf3777415b3ebd360,,,,0
2.86,2da90c7d74bd46a0caf3777415b3ebd361,,,,0
2.86,2da90c7d74bd46a0caf3777415b3ebd362,,,,0
2.86,2da90c7d74bd46a0caf3777415b3ebd363,,,,0
2.86,2da90c7d74bd46a0caf3777415b3ebd364,,,,0
2.86,2da90c7d74bd46a0caf3777415b3ebd365,,,,0
2.86,2da90c7d74bd46a0caf3777415b3ebd366,,,,0
2.86,2da90c7d74bd46a0caf3777415b3ebd367,,,,0
2.86,2da90c7d74bd46a0caf3777415b3ebd368,,,,0
2.86,2da90c7d74bd46a0caf3777415b3ebd369,,,,0
2.86,2da90c7d74bd46a0caf3777415b3ebd370,,,,0
2.86,2da90c7d74bd46a0caf3777415b3ebd371,,,,0
2.86,2da90c7d74bd46a0caf3777415b3ebd372,,,,0
2.86,2da90c7d74bd46a0caf3777415b3ebd373,,,,0
2.86,2da90c7d74bd46a0caf3777415b3ebd374,,,,0
2.86,2da90c7d74bd46a0caf3777415b3ebd375,,,,0
2.86,2da90c7d74bd46a0caf3777415b3ebd376,,,,0
2.86,2da90c7d74bd46a0caf3777415b3ebd377,,,,0
2.86,2da90c7d74bd46a0caf3777415b3ebd378,,,,0
2.86,2da90c7d74bd46a0caf3777415b3ebd379,,,,0
2.86,2da90c7d74bd46a0caf3777415b3ebd380,,,,0
2.86,2da90c7d74bd46a0caf3777415b3ebd381,,,,0
2.86,2da90c7d74bd46a0caf3777415b3ebd382,,,,0
2.86,2da90c7d74bd46a0caf3777415b3ebd383,,,,0
2.86,2da90c7d74bd46a0caf3777415b3ebd384,,,,0
2.86,2da90c7d74bd46a0caf3777415b3ebd385,,,,0
2.86,2da90c7d74bd46a0caf3777415b3ebd386,,,,0
2.86,2da90c7d74bd46a0caf3777415b3ebd387,,,,0
2.86,2da90c7d74bd46a0caf3777415b3ebd388,,,,0
2.86,2da90c7d74bd46a0caf3777415b3ebd389,,,,0
2.86,2da90c7d74bd46a0caf3777415b3ebd390,,,,0
2.86,2da90c7d74bd46a0caf3777415b3ebd391,,,,0
2.86,2da90c7d74bd46a0caf3777415b3ebd392,,,,0
2.86,2da90c7d74bd46a0caf3777415b3ebd393,,,,0
2.86,2da90c7d74bd46a0caf3777415b3ebd394,,,,0
2.86,2da90c7d74bd46a0caf3777415b3ebd395,,,,0
2.86,2da90c7d74bd46a0caf3777415b3ebd396,,,,0
2.86,2da90c7d74bd46a0caf3777415b3ebd397,,,,0
2.86,2da90c7d74bd46a0caf3777415b3ebd398,,,,0
2.86,2da90c7d74bd46a0caf3777415b3ebd399,,,,0
2.86,2da90c7d74bd46a0caf3777415b3ebd400,,,,0
2.86,2da90c7d74bd46a0caf3777415b3ebd401,,,,0
2.86,2da90c7d74bd46a0caf3777415b3ebd402,,,,0
2.86,2da90c7d74bd46a0caf3777415b3ebd403,,,,0
2.86,2da90c7d74bd46a0caf3777415b3ebd404,,,,0
2.86,2da90c7d74bd46a0caf3777415b3ebd405,,,,0
2.86,2da90c7d74bd46a0caf3777415b3ebd406,,,,0
2.86,2da90c7d74bd46a0caf3777415b3ebd407,,,,0
2.86,2da90c7d74bd46a0caf3777415b3ebd408,,,,0
2.86,2da90c7d74bd46a0caf3777415b3ebd409,,,,0
2.86,2da90c7d74bd46a0caf3777415b3ebd410,,,,0
2.86,2da90c7d74bd46a0caf3777415b3ebd411,,,,0
2.86,2da90c7d74bd46a0caf3777415b3ebd412,,,,0
2.86,2da90c7d74bd46a0caf3777415b3ebd413,,,,0
2.86,2da90c7d74bd46a0caf3777415b3ebd414,,,,0
2.86,2da90c7d74bd46a0caf3777415b3ebd415,,,,0
2.86,2da90c7d74bd46a0caf3777415b3ebd416,,,,0
2.86,2da90c7d74bd46a0caf3777415b3ebd417,,,,0
2.86,2da90c7d74bd46a0caf3777415b3ebd418,,,,0
2.86,2da90c7d74bd46a0caf3777415b3ebd419,,,,0
2.86,2da90c7d74bd46a0caf3777415b3ebd420,,,,0
2.86,2da90c7d74bd46a0caf3777415b3ebd421,,,,0
2.86,2da90c7d74bd46a0caf3777415b3ebd422,,,,0
2.86,2da90c7d74bd46a0caf3777415b3ebd423,,,,0
2.86,2da90c7d74bd46a0caf3777415b3ebd424,,,,0
2.86,2da90c7d74bd46a0caf3777415b3ebd425,,,,0
2.86,2da90c7d74bd46a0caf3777415b3ebd426,,,,0
2.86,2da90c7d74bd46a0caf3777415b3ebd427,,,,0
2.86,2da90c7d74bd46a0caf3777415b3ebd428,,,,0
2.86,2da90c7d74bd46a0caf3777415b3ebd429,,,,0
2.86,2da90c7d74bd46a0caf3777415b3ebd430,,,,0
2.86,2da90c7d74bd46a0caf3777415b3ebd431,,,,0
2.86,2da90c7d74bd46a0caf3777415b3ebd432,,,,0
2.86,2da90c7d74bd46a0caf3777415b3ebd433,,,,0
2.86,2da90c7d74bd46a0caf3777415b3ebd434,,,,0
2.86,2da90c7d74bd46a0caf3777415b3ebd435,,,,0
2.86,2da90c7d74bd46a0caf3777415b3ebd436,,,,0
2.86,2da90c7d74bd46a0caf3777415b3ebd437,,,,0
2.86,2da90c7d74bd46a0caf3777415b3ebd438,,,,0
2.86,2da90c7d74bd46a0caf3777415b3ebd439,,,,0
2.86,2da90c7d74bd46a0caf3777415b3ebd440,,,,0
2.86,2da90c7d74bd46a0caf3777415b3ebd441,,,,0
2.86,2da90c7d74bd46a0caf3777415b3ebd442,,,,0
2.86,2da90c7d74bd46a0caf3777415b3ebd443,,,,0
2.86,2da90c7d74bd46a0caf3777415b3ebd444,,,,0
2.86,2da90c7d74bd46a0caf3777415b3ebd445,,,,0
2.86,2da90c7d74bd46a0caf3777415b3ebd446,,,,0
2.86,2da90c7d74bd46a0caf3777415b3ebd447,,,,0
2.86,2da90c7d74bd46a0caf3777415b3ebd448,,,,0
2.86,2da90c7d74bd46a0caf3777415b3ebd449,,,,0
2.86,2da90c7d74bd46a0caf3777415b3ebd450,,,,0
2.86,2da90c7d74bd46a0caf3777415b3ebd451,,,,0
2.86,2da90c7d74bd46a0caf3777415b3ebd452,,,,0
2.86,2da90c7d74bd46a0caf3777415b3ebd453,,,,0
2.86,2da90c7d74bd46a0caf3777415b3ebd454,,,,0
2.86,2da90c7d74bd46a0caf3777415b3ebd455,,,,0
2.86,2da90c7d74bd46a0caf3777415b3ebd456,,,,0
2.86,2da90c7d74bd46a0caf3777415b3ebd457,,,,0
2.86,2da90c7d74bd46a0caf3777415b3ebd458,,,,0
2.86,2da90c7d74bd46a0caf3777415b3ebd459,,,,0
2.86,2da90c7d74bd46a0caf3777415b3ebd460,,,,0
2.86,2da90c7d74bd46a0caf3777415b3ebd461,,,,0
2.86,2da90c7d74bd46a0caf3777415b3ebd462,,,,0
2.86,2da90c7d74bd46a0caf3777415b3ebd463,,,,0
2.86,2da90c7d74bd46a0caf3777415b3ebd464,,,,0
2.86,2da90c7d74bd46a0caf3777415b3ebd465,,,,0
2.86,2da90c7d74bd46a0caf3777415b3ebd466,,,,0
2.86,2da90c7d74bd46a0caf3777415b3ebd467,,,,0
2.86,2da90c7d74bd46a0caf3777415b3ebd468,,,,0
2.86,2da90c7d74bd46a0caf3777415b3ebd469,,,,0
2.86,2da90c7d74bd46a0caf3777415b3ebd470,,,,0
2.86,2da90c7d74bd46a0caf3777415b3ebd471,,,,0
2.86,2da90c7d74bd46a0caf3777415b3ebd472,,,,0
2.86,2da90c7d74bd46a0caf3777415b3ebd473,,,,0
2.86,2da90c7d74bd46a0caf3777415b3ebd474,,,,0
2.86,2da90c7d74bd46a0caf3777415b3ebd475,,,,0
2.86,2da90c7d74bd46a0caf3777415b3ebd476,,,,0
2.86,2da90c7d74bd46a0caf3777415b3ebd477,,,,0
2.86,2da90c7d74bd46a0caf3777415b3ebd478,,,,0
2.86,2da90c7d74bd46a0caf3777415b3ebd479,,,,0
2.86,2da90c7d74bd46a0caf3777415b3ebd480,,,,0
2.86,2da90c7d74bd46a0caf3777415b3ebd481,,,,0
2.86,2da90c7d74bd46a0caf3777415b3ebd482,,,,0
2.86,2da90c7d74bd46a0caf3777415b3ebd483,,,,0
2.86,2da90c7d74bd46a0caf3777415b3ebd484,,,,0
2.86,2da90c7d74bd46a0caf3777415b3ebd485,,,,0
2.86,2da90c7d74bd46a0caf3777415b3ebd486,,,,0
2.86,2da90c7d74bd46a0caf3777415b3ebd487,,,,0
2.86,2da90c7d74bd46a0caf3777415b3ebd488,,,,0
2.86,2da90c7d74bd46a0caf3777415b3ebd489,,,,0
2.86,2da90c7d74bd46a0caf3777415b3ebd490,,,,0
2.86,2da90c7d74bd46a0caf3777415b3ebd491,,,,0
2.86,2da90c7d74bd46a0caf3777415b3ebd492,,,,0
2.86,2da90c7d74bd46a0caf3777415b3ebd493,,,,0
2.86,2da90c7d74bd46a0caf3777415b3ebd494,,,,0
2.86,2da90c7d74bd46a0caf3777415b3ebd495,,,,0
2.86,2da90c7d74bd46a0caf3777415b3ebd496,,,,0
2.86,2da90c7d74bd46a0caf3777415b3ebd497,,,,0
2.86,2da90c7d74bd46a0caf3777415b3ebd498,,,,0
2.86,2da90c7d74bd46a0caf3777415b3ebd499,,,,0
2.86,2da90c7d74bd46a0caf3777415b3ebd500,,,,0
2.86,2da90c7d74bd46a0caf3777415b3ebd501,,,,0
2.86,2da90c7d74bd46a0caf3777415b3ebd502,,,,0
2.86,2da90c7d74bd46a0caf3777415b3ebd503,,,,0
2.86,2da90c7d74bd46a0caf3777415b3ebd504,,,,0
2.86,2da90c7d74bd46a0caf3777415b3ebd505,,,,0
2.86,2da90c7d74bd46a0caf3777415b3ebd506,,,,0
2.86,2da90c7d74bd46a0caf3777415b3ebd507,,,,0
2.86,2da90c7d74bd46a0caf3777415b3ebd508,,,,0
2.86,2da90c7d74bd46a0caf3777415b3ebd509,,,,0
2.86,2da90c7d74bd46a0caf3777415b3ebd510,,,,0
2.86,2da90c7d74bd46a0caf3777415b3ebd511,,,,0
2.86,2da90c7d74bd46a0caf3777415b3ebd512,,,,0
2.86,2da90c7d74bd46a0caf3777415b3ebd513,,,,0
2.86,2da90c7d74bd46a0caf3777415b3ebd514,,,,0
2.86,2da90c7d74bd46a0caf3777415b3ebd515,,,,0
2.86,2da90c7d74bd46a0caf3777415b3ebd516,,,,0
2.86,2da90c7d74bd46a0caf3777415b3ebd517,,,,0
2.86,2da90c7d74bd46a0caf3777415b3ebd518,,,,0
2.86,2da90c7d74bd46a0caf3777415b3ebd519,,,,0
2.86,2da90c7d74bd46a0caf3777415b3ebd520,,,,0
2.86,2da90c7d74bd46a0caf3777415b3ebd521,,,,0
2.86,2da90c7d74bd46a0caf3777415b3ebd522,,,,0
2.86,2da90c7d74bd46a0caf3777415b3ebd523,,,,0
2.86,2da90c7d74bd46a0caf3777415b3ebd524,,,,0
2.86,2da90c7d74bd46a0caf3777415b3ebd525,,,,0
2.86,2da90c7d74bd46a0caf3777415b3ebd526,,,,0
2.86,2da90c7d74bd46a0caf3777415b3ebd527,,,,0
2.86,2da90c7d74bd46a0caf3777415b3ebd528,,,,0
2.86,2da90c7d74bd46a0caf3777415b3ebd529,,,,0
2.86,2da90c7d74bd46a0caf3777415b3ebd530,,,,0
2.86,2da90c7d74bd46a0caf3777415b3ebd531,,,,0
2.86,2da90c7d74bd46a0caf3777415b3ebd532,,,,0
2.86,2da90c7d74bd46a0caf3777415b3ebd533,,,,0
2.86,2da90c7d74bd46a0caf3777415b3ebd534,,,,0
2.86,2da90c7d74bd46a0caf3777415b3ebd535,,,,0
2.86,2da90c7d74bd46a0caf3777415b3ebd536,,,,0
2.86,2da90c7d74bd46a0caf3777415b3ebd537,,,,0
2.86,2da90c7d74bd46a0caf3777415b3ebd538,,,,0
2.86,2da90c7d74bd46a0caf3777415b3ebd539,,,,0
2.86,2da90c7d74bd46a0caf3777415b3ebd540,,,,0
2.86,2da90c7d74bd46a0caf3777415b3ebd541,,,,0
2.86,2da90c7d74bd46a0caf3777415b3ebd542,,,,0
2.86,2da90c7d74bd46a0caf3777415b3ebd543,,,,0
2.86,2da90c7d74bd46a0caf3777415b3ebd544,,,,0
2.86,2da90c7d74bd46a0caf3777415b3ebd545,,,,0
2.86,2da90c7d74bd46a0caf3777415b3ebd546,,,,0
2.86,2da90c7d74bd46a0caf3777415b3ebd547,,,,0
2.86,2da90c7d74bd46a0caf3777415b3ebd548,,,,0
2.86,2da90c7d74bd46a0caf3777415b3ebd549,,,,0
2.86,2da90c7d74bd46a0caf3777415b3ebd550,,,,0
2.86,2da90c7d74bd46a0caf3777415b3ebd551,,,,0
2.86,2da90c7d74bd46a0caf3777415b3ebd552,,,,0
2.86,2da90c7d74bd46a0caf3777415b3ebd553,,,,0
2.86,2da90c7d74bd46a0caf3777415b3ebd554,,,,0
2.86,2da90c7d74bd46a0caf3777415b3ebd555,,,,0
2.86,2da90c7d74bd46a0caf3777415b3ebd556,,,,0
2.86,2da90c7d74bd46a0caf3777415b3ebd557,,,,0
2.86,2da90c7d74bd46a0caf3777415b3ebd558,,,,0
2.86,2da90c7d74bd46a0caf3777415b3ebd559,,,,0
2.86,2da90c7d74bd46a0caf3777415b3ebd560,,,,0
2.86,2da90c7d74bd46a0caf3777415b3ebd561,,,,0
2.86,2da90c7d74bd46a0caf3777415b3ebd562,,,,0
2.86,2da90c7d74bd46a0caf3777415b3ebd563,,,,0
2.86,2da90c7d74bd46a0caf3777415b3ebd564,,,,0
2.86,2da90c7d74bd46a0caf3777415b3ebd565,,,,0
2.86,2da90c7d74bd46a0caf3777415b3ebd566,,,,0
2.86,2da90c7d74bd46a0caf3777415b3ebd567,,,,0
2.86,2da90c7d74bd46a0caf3777415b3ebd568,,,,0
2.86,2da90c7d74bd46a0caf3777415b3ebd569,,,,0
2.86,2da90c7d74bd46a0caf3777415b3ebd570,,,,0
2.86,2da90c7d74bd46a0caf3777415b3ebd571,,,,0
2.86,2da90c7d74bd46a0caf3777415b3ebd572,,,,0
2.86,2da90c7d74bd46a0caf3777415b3ebd573,,,,0
2.86,2da90c7d74bd46a0caf3777415b3ebd574,,,,0
2.86,2da90c7d74bd46a0caf3777415b3ebd575,,,,0
2.86,2da90c7d74bd46a0caf3777415b3ebd576,,,,0
2.86,2da90c7d74bd46a0caf3777415b3ebd577,,,,0
2.86,2da90c7d74bd46a0caf3777415b3ebd578,,,,0
2.86,2da90c7d74bd46a0caf3777415b3ebd579,,,,0
2.86,2da90c7d74bd46a0caf3777415b3ebd580,,,,0
2.86,2da90c7d74bd46a0caf3777415b3ebd581,,,,0
2.86,2da90c7d74bd46a0caf3777415b3ebd582,,,,0
2.86,2da90c7d74bd46a0caf3777415b3ebd583,,,,0
2.86,2da90c7d74bd46a0caf3777415b3ebd584,,,,0
2.86,2da90c7d74bd46a0caf3777415b3ebd585,,,,0
2.86,2da90c7d74bd46a0caf3777415b3ebd586,,,,0
2.86,2da90c7d74bd46a0caf3777415b3ebd587,,,,0
2.86,2da90c7d74bd46a0caf3777415b3ebd588,,,,0
2.86,2da90c7d74bd46a0caf3777415b3ebd589,,,,0
2.86,2da90c7d74bd46a0caf3777415b3ebd590,,,,0
2.86,2da90c7d74bd46a0caf3777415b3ebd591,,,,0
2.86,2da90c7d74bd46a0caf3777415b3ebd592,,,,0
2.86,2da90c7d74bd46a0caf3777415b3ebd593,,,,0
2.86,2da90c7d74bd46a0caf3777415b3ebd594,,,,0
2.86,2da90c7d74bd46a0caf3777415b3ebd595,,,,0
2.86,2da90c7d74bd46a0caf3777415b3ebd596,,,,0
2.86,2da90c7d74bd46a0caf3777415b3ebd597,,,,0
2.86,2da90c7d74bd46a0caf3777415b3ebd598,,,,0
2.86,2da90c7d74bd46a0caf3777415b3ebd599,,,,0
2.86,2da90c7d74bd46a0caf3777415b3ebd600,,,,0
2.86,2da90c7d74bd46a0caf3777415b3ebd601,,,,0
2.86,2da90c7d74bd46a0caf3777415b3ebd602,,,,0
2.86,2da90c7d74bd46a0caf3777415b3ebd603,,,,0
2.86,2da90c7d74bd46a0caf3777415b3ebd604,,,,0
2.86,2da90c7d74bd46a0caf3777415b3ebd605,,,,0
2.86,2da90c7d74bd46a0caf3777415b3ebd606,,,,0
2.86,2da90c7d74bd46a0caf3777415b3ebd607,,,,0
2.86,2da90c7d74bd46a0caf3777415b3ebd608,,,,0
2.86,2da90c7d74bd46a0caf3777415b3ebd609,,,,0
2.86,2da90c7d74bd46a0caf3777415b3ebd610,,,,0
2.86,2da90c7d74bd46a0caf3777415b3ebd611,,,,0
2.86,2da90c7d74bd46a0caf3777415b3ebd612,,,,0
2.86,2da90c7d74bd46a0caf3777415b3ebd613,,,,0
2.86,2da90c7d74bd46a0caf3777415b3ebd614,,,,0
2.86,2da90c7d74bd46a0caf3777415b3ebd615,,,,0
2.86,2da90c7d74bd46a0caf3777415b3ebd616,,,,0
2.86,2da90c7d74bd46a0caf3777415b3ebd617,,,,0
2.86,2da90c7d74bd46a0caf3777415b3ebd618,,,,0
2.86,2da90c7d74bd46a0caf3777415b3ebd619,,,,0
2.86,2da90c7d74bd46a0caf3777415b3ebd620,,,,0
2.86,2da90c7d74bd46a0caf3777415b3ebd621,,,,0
2.86,2da90c7d74bd46a0caf3777415b3ebd622,,,,0
2.86,2da90c7d74bd46a0caf3777415b3ebd623,,,,0
2.86,2da90c7d74bd46a0caf3777415b3ebd624,,,,0
2.86,2da90c7d74bd46a0caf3777415b3ebd625,,,,0
2.86,2da90c7d74bd46a0caf3777415b3ebd626,,,,0
2.86,2da90c7d74bd46a0caf3777415b3ebd627,,,,0
2.86,2da90c7d74bd46a0caf3777415b3ebd628,,,,0
2.86,2da90c7d74bd46a0caf3777415b3ebd629,,,,0
2.86,2da90c7d74bd46a0caf3777415b3ebd630,,,,0
2.86,2da90c7d74bd46a0caf3777415b3ebd631,,,,0
2.86,2da90c7d74bd46a0caf3777415b3ebd632,,,,0
2.86,2da90c7d74bd46a0caf3777415b3ebd633,,,,0
2.86,2da90c7d74bd46a0caf3777415b3ebd634,,,,0
2.86,2da90c7d74bd46a0caf3777415b3ebd635,,,,0
2.86,2da90c7d74bd46a0caf3777415b3ebd636,,,,0
2.86,2da90c7d74bd46a0caf3777415b3ebd637,,,,0
2.86,2da90c7d74bd46a0caf3777415b3ebd638,,,,0
2.86,2da90c7d74bd46a0caf3777415b3ebd639,,,,0
2.86,2da90c7d74bd46a0caf3777415b3ebd640,,,,0
2.86,2da90c7d74bd46a0caf3777415b3ebd641,,,,0
2.86,2da90c7d74bd46a0caf3777415b3ebd642,,,,0
2.86,2da90c7d74bd46a0caf3777415b3ebd643,,,,0
2.86,2da90c7d74bd46a0caf3777415b3ebd644,,,,0
2.86,2da90c7d74bd46a0caf3777415b3ebd645,,,,0
2.86,2da90c7d74bd46a0caf3777415b3ebd646,,,,0
2.86,2da90c7d74bd46a0caf3777415b3ebd647,,,,0
2.86,2da90c7d74bd46a0caf3777415b3ebd648,,,,0
2.86,2da90c7d74bd46a0caf3777415b3ebd649,,,,0
2.86,2da90c7d74bd46a0caf3777415b3ebd650,,,,0
2.86,2da90c7d74bd46a0caf3777415b3ebd651,,,,0
2.86,2da90c7d74bd46a0caf3777415b3ebd652,,,,0
2.86,2da90c7d74bd46a0caf3777415b3ebd653,,,,0
2.86,2da90c7d74bd46a0caf3777415b3ebd654,,,,0
2.86,2da90c7d74bd46a0caf3777415b3ebd655,,,,0
2.86,2da90c7d74bd46a0caf3777415b3ebd656,,,,0
2.86,2da90c7d74bd46a0caf3777415b3ebd657,,,,0
2.86,2da90c7d74bd46a0caf3777415b3ebd658,,,,0
2.86,2da90c7d74bd46a0caf3777415b3ebd659,,,,0
2.86,2da90c7d74bd46a0caf3777415b3ebd660,,,,0
2.86,2da90c7d74bd46a0caf3777415b3ebd661,,,,0
2.86,2da90c7d74bd46a0caf3777415b3ebd662,,,,0
2.86,2da90c7d74bd46a0caf3777415b3ebd663,,,,0
2.86,2da90c7d74bd46a0caf3777415b3ebd664,,,,0
2.86,2da90c7d74bd46a0caf3777415b3ebd665,,,,0
2.86,2da90c7d74bd46a0caf3777415b3ebd666,,,,0
2.86,2da90c7d74bd46a0caf3777415b3ebd667,,,,0
2.86,2da90c7d74bd46a0caf3777415b3ebd668,,,,0
2.86,2da90c7d74bd46a0caf3777415b3ebd669,,,,0
2.86,2da90c7d74bd46a0caf3777415b3ebd670,,,,0
2.86,2da90c7d74bd46a0caf3777415b3ebd671,,,,0
2.86,2da90c7d74bd46a0caf3777415b3ebd672,,,,0
2.86,2da90c7d74bd46a0caf3777415b3ebd673,,,,0
2.86,2da90c7d74bd46a0caf3777415b3ebd674,,,,0
2.86,2da90c7d74bd46a0caf3777415b3ebd675,,,,0
2.86,2da90c7d74bd46a0caf3777415b3ebd676,,,,0
2.86,2da90c7d74bd46a0caf3777415b3ebd677,,,,0
2.86,2da90c7d74bd46a0caf3777415b3ebd678,,,,0
2.86,2da90c7d74bd46a0caf3777415b3ebd679,,,,0
2.86,2da90c7d74bd46a0caf3777415b3ebd680,,,,0
2.86,2da90c7d74bd46a0caf3777415b3ebd681,,,,0
2.86,2da90c7d74bd46a0caf3777415b3ebd682,,,,0
2.86,2da90c7d74bd46a0caf3777415b3ebd683,,,,0
2.86,2da90c7d74bd46a0caf3777415b3ebd684,,,,0
2.86,2da90c7d74bd46a0caf3777415b3ebd685,,,,0
2.86,2da90c7d74bd46a0caf3777415b3ebd686,,,,0
2.86,2da90c7d74bd46a0caf3777415b3ebd687,,,,0
2.86,2da90c7d74bd46a0caf3777415b3ebd688,,,,0
2.86,2da90c7d74bd46a0caf3777415b3ebd689,,,,0
2.86,2da90c7d74bd46a0caf3777415b3ebd690,,,,0
2.86,2da90c7d74bd46a0caf3777415b3ebd691,,,,0
2.86,2da90c7d74bd46a0caf3777415b3ebd692,,,,0
2.86,2da90c7d74bd46a0caf3777415b3ebd693,,,,0
2.86,2da90c7d74bd46a0caf3777415b3ebd694,,,,0
2.86,2da90c7d74bd46a0caf3777415b3ebd695,,,,0
2.86,2da90c7d74bd46a0caf3777415b3ebd696,,,,0
2.86,2da90c7d74bd46a0caf3777415b3ebd697,,,,0
2.86,2da90c7d74bd46a0caf3777415b3ebd698,,,,0
2.86,2da90c7d74bd46a0caf3777415b3ebd699,,,,0
2.86,2da90c7d74bd46a0caf3777415b3ebd700,,,,0
2.86,2da90c7d74bd46a0caf3777415b3ebd701,,,,0
2.86,2da90c7d74bd46a0caf3777415b3ebd702,,,,0
2.86,2da90c7d74bd46a0caf3777415b3ebd703,,,,0
2.86,2da90c7d74bd46a0caf3777415b3ebd704,,,,0
2.86,2da90c7d74bd46a0caf3777415b3ebd705,,,,0
2.86,2da90c7d74bd46a0caf3777415b3ebd706,,,,0
2.86,2da90c7d74bd46a0caf3777415b3ebd707,,,,0
2.86,2da90c7d74bd46a0caf3777415b3ebd708,,,,0
2.86,2da90c7d74bd46a0caf3777415b3ebd709,,,,0
2.86,2da90c7d74bd46a0caf3777415b3ebd710,,,,0
2.86,2da90c7d74bd46a0caf3777415b3ebd711,,,,0
2.86,2da90c7d74bd46a0caf3777415b3ebd712,,,,0
2.86,2da90c7d74bd46a0caf3777415b3ebd713,,,,0
2.86,2da90c7d74bd46a0caf3777415b3ebd714,,,,0
2.86,2da90c7d74bd46a0caf3777415b3ebd715,,,,0
2.86,2da90c7d74bd46a0caf3777415b3ebd716,,,,0
2.86,2da90c7d74bd46a0caf3777415b3ebd717,,,,0
2.86,2da90c7d74bd46a0caf3777415b3ebd718,,,,0
2.86,2da90c7d74bd46a0caf3777415b3ebd719,,,,0
2.86,2da90c7d74bd46a0caf3777415b3ebd720,,,,0
2.86,2da90c7d74bd46a0caf3777415b3ebd721,,,,0
2.86,2da90c7d74bd46a0caf3777415b3ebd722,,,,0
2.86,2da90c7d74bd46a0caf3777415b3ebd723,,,,0
2.86,2da90c7d74bd46a0caf3777415b3ebd724,,,,0
2.86,2da90c7d74bd46a0caf3777415b3ebd725,,,,0
2.86,2da90c7d74bd46a0caf3777415b3ebd726,,,,0
2.86,2da90c7d74bd46a0caf3777415b3ebd727,,,,0
2.86,2da90c7d74bd46a0caf3777415b3ebd728,,,,0
2.86,2da90c7d74bd46a0caf3777415b3ebd729,,,,0
2.86,2da90c7d74bd46a0caf3777415b3ebd730,,,,0
2.86,2da90c7d74bd46a0caf3777415b3ebd731,,,,0
2.86,2da90c7d74bd46a0caf3777415b3ebd732,,,,0
2.86,2da90c7d74bd46a0caf3777415b3ebd733,,,,0
2.86,2da90c7d74bd46a0caf3777415b3ebd734,,,,0
2.86,2da90c7d74bd46a0caf3777415b3ebd735,,,,0
2.86,2da90c7d74bd46a0caf3777415b3ebd736,,,,0
2.86,2da90c7d74bd46a0caf3777415b3ebd737,,,,0
2.86,2da90c7d74bd46a0caf3777415b3ebd738,,,,0
2.86,2da90c7d74bd46a0caf3777415b3ebd739,,,,0
2.86,2da90c7d74bd46a0caf3777415b3ebd740,,,,0
2.86,2da90c7d74bd46a0caf3777415b3ebd741,,,,0
2.86,2da90c7d74bd46a0caf3777415b3ebd742,,,,0
2.86,2da90c7d74bd46a0caf3777415b3ebd743,,,,0
2.86,2da90c7d74bd46a0caf3777415b3ebd744,,,,0
2.86,2da90c7d74bd46a0caf3777415b3ebd745,,,,0
2.86,2da90c7d74bd46a0caf3777415b3ebd746,,,,0
2.86,2da90c7d74bd46a0caf3777415b3ebd747,,,,0
2.86,2da90c7d74bd46a0caf3777415b3ebd748,,,,0
2.86,2da90c7d74bd46a0caf3777415b3ebd749,,,,0
2.86,2da90c7d74bd46a0caf3777415b3ebd750,,,,0
2.86,2da90c7d74bd46a0caf3777415b3ebd751,,,,0
2.86,2da90c7d74bd46a0caf3777415b3ebd752,,,,0
2.86,2da90c7d74bd46a0caf3777415b3ebd753,,,,0
2.86,2da90c7d74bd46a0caf3777415b3ebd754,,,,0
2.86,2da90c7d74bd46a0caf3777415b3ebd755,,,,0
2.86,2da90c7d74bd46a0caf3777415b3ebd756,,,,0
2.86,2da90c7d74bd46a0caf3777415b3ebd757,,,,0
2.86,2da90c7d74bd46a0caf3777415b3ebd758,,,,0
2.86,2da90c7d74bd46a0caf3777415b3ebd759,,,,0
2.86,2da90c7d74bd46a0caf3777415b3ebd760,,,,0
2.86,2da90c7d74bd46a0caf3777415b3ebd761,,,,0
2.86,2da90c7d74bd46a0caf3777415b3ebd762,,,,0
2.86,2da90c7d74bd46a0caf3777415b3ebd763,,,,0
2.86,2da90c7d74bd46a0caf3777415b3ebd764,,,,0
2.86,2da90c7d74bd46a0caf3777415b3ebd765,,,,0
2.86,2da90c7d74bd46a0caf3777415b3ebd766,,,,0
2.86,2da90c7d74bd46a0caf3777415b3ebd767,,,,0
2.86,2da90c7d74bd46a0caf3777415b3ebd768,,,,0
2.86,2da90c7d74bd46a0caf3777415b3ebd769,,,,0
2.86,2da90c7d74bd46a0caf3777415b3ebd770,,,,0
2.86,2da90c7d74bd46a0caf3777415b3ebd771,,,,0
2.86,2da90c7d74bd46a0caf3777415b3ebd772,,,,0
2.86,2da90c7d74bd46a0caf3777415b3ebd773,,,,0
2.86,2da90c7d74bd46a0caf3777415b3ebd774,,,,0
2.86,2da90c7d74bd46a0caf3777415b3ebd775,,,,0
2.86,2da90c7d74bd46a0caf3777415b3ebd776,,,,0
2.86,2da90c7d74bd46a0caf3777415b3ebd777,,,,0
2.86,2da90c7d74bd46a0caf3777415b3ebd778,,,,0
2.86,2da90c7d74bd46a0caf3777415b3ebd779,,,,0
2.86,2da90c7d74bd46a0caf3777415b3ebd780,,,,0
2.86,2da90c7d74bd46a0caf3777415b3ebd781,,,,0
2.86,2da90c7d74bd46a0caf3777415b3ebd782,,,,0
2.86,2da90c7d74bd46a0caf3777415b3ebd783,,,,0
2.86,2da90c7d74bd46a0caf3777415b3ebd784,,,,0
2.86,2da90c7d74bd46a0caf3777415b3ebd785,,,,0
2.86,2da90c7d74bd46a0caf3777415b3ebd786,,,,0
2.86,2da90c7d74bd46a0caf3777415b3ebd787,,,,0
2.86,2da90c7d74bd46a0caf3777415b3ebd788,,,,0
2.86,2da90c7d74bd46a0caf3777415b3ebd789,,,,0
2.86,2da90c7d74bd46a0caf3777415b3ebd790,,,,0
2.86,2da90c7d74bd46a0caf3777415b3ebd791,,,,0
2.86,2da90c7d74bd46a0caf3777415b3ebd792,,,,0
2.86,2da90c7d74bd46a0caf3777415b3ebd793,,,,0
2.86,2da90c7d74bd46a0caf3777415b3ebd794,,,,0
2.86,2da90c7d74bd46a0caf3777415b3ebd795,,,,0
2.86,2da90c7d74bd46a0caf3777415b3ebd796,,,,0
2.86,2da90c7d74bd46a0caf3777415b3ebd797,,,,0
2.86,2da90c7d74bd46a0caf3777415b3ebd798,,,,0
2.86,2da90c7d74bd46a0caf3777415b3ebd799,,,,0
2.86,2da90c7d74bd46a0caf3777415b3ebd800,,,,0
2.86,2da90c7d74bd46a0caf3777415b3ebd801,,,,0
2.86,2da90c7d74bd46a0caf3777415b3ebd802,,,,0
2.86,2da90c7d74bd46a0caf3777415b3ebd803,,,,0
2.86,2da90c7d74bd46a0caf3777415b3ebd804,,,,0
2.86,2da90c7d74bd46a0caf3777415b3ebd805,,,,0
2.86,2da90c7d74bd46a0caf3777415b3ebd806,,,,0
2.86,2da90c7d74bd46a0caf3777415b3ebd807,,,,0
2.86,2da90c7d74bd46a0caf3777415b3ebd808,,,,0
2.86,2da90c7d74bd46a0caf3777415b3ebd809,,,,0
2.86,2da90c7d74bd46a0caf3777415b3ebd810,,,,0
2.86,2da90c7d74bd46a0caf3777415b3ebd811,,,,0
2.86,2da90c7d74bd46a0caf3777415b3ebd812,,,,0
2.86,2da90c7d74bd46a0caf3777415b3ebd813,,,,0
2.86,2da90c7d74bd46a0caf3777415b3ebd814,,,,0
2.86,2da90c7d74bd46a0caf3777415b3ebd815,,,,0
2.86,2da90c7d74bd46a0caf3777415b3ebd816,,,,0
2.86,2da90c7d74bd46a0caf3777415b3ebd817,,,,0
2.86,2da90c7d74bd46a0caf3777415b3ebd818,,,,0
2.86,2da90c7d74bd46a0caf3777415b3ebd819,,,,0
2.86,2da90c7d74bd46a0caf3777415b3ebd820,,,,0
2.86,2da90c7d74bd46a0caf3777415b3ebd821,,,,0
2.86,2da90c7d74bd46a0caf3777415b3ebd822,,,,0
2.86,2da90c7d74bd46a0caf3777415b3ebd823,,,,0
2.86,2da90c7d74bd46a0caf3777415b3ebd824,,,,0
2.86,2da90c7d74bd46a0caf3777415b3ebd825,,,,0
2.86,2da90c7d74bd46a0caf3777415b3ebd826,,,,0
2.86,2da90c7d74bd46a0caf3777415b3ebd827,,,,0
2.86,2da90c7d74bd46a0caf3777415b3ebd828,,,,0
2.86,2da90c7d74bd46a0caf3777415b3ebd829,,,,0
2.86,2da90c7d74bd46a0caf3777415b3ebd830,,,,0
2.86,2da90c7d74bd46a0caf3777415b3ebd831,,,,0
2.86,2da90c7d74bd46a0caf3777415b3ebd832,,,,0
2.86,2da90c7d74bd46a0caf3777415b3ebd833,,,,0
2.86,2da90c7d74bd46a0caf3777415b3ebd834,,,,0
2.86,2da90c7d74bd46a0caf3777415b3ebd835,,,,0
2.86,2da90c7d74bd46a0caf3777415b3ebd836,,,,0
2.86,2da90c7d74bd46a0caf3777415b3ebd837,,,,0
2.86,2da90c7d74bd46a0caf3777415b3ebd838,,,,0
2.86,2da90c7d74bd46a0caf3777415b3ebd839,,,,0
2.86,2da90c7d74bd46a0caf3777415b3ebd840,,,,0
2.86,2da90c7d74bd46a0caf3777415b3ebd841,,,,0
2.86,2da90c7d74bd46a0caf3777415b3ebd842,,,,0
2.86,2da90c7d74bd46a0caf3777415b3ebd843,,,,0
2.86,2da90c7d74bd46a0caf3777415b3ebd844,,,,0
2.86,2da90c7d74bd46a0caf3777415b3ebd845,,,,0
2.86,2da90c7d74bd46a0caf3777415b3ebd846,,,,0
2.86,2da90c7d74bd46a0caf3777415b3ebd847,,,,0
2.86,2da90c7d74bd46a0caf3777415b3ebd848,,,,0
2.86,2da90c7d74bd46a0caf3777415b3ebd849,,,,0
2.86,2da90c7d74bd46a0caf3777415b3ebd850,,,,0
2.86,2da90c7d74bd46a0caf3777415b3ebd851,,,,0
2.86,2da90c7d74bd46a0caf3777415b3ebd852,,,,0
2.86,2da90c7d74bd46a0caf3777415b3ebd853,,,,0
2.86,2da90c7d74bd46a0caf3777415b3ebd854,,,,0
2.86,2da90c7d74bd46a0caf3777415b3ebd855,,,,0
2.86,2da90c7d74bd46a0caf3777415b3ebd856,,,,0
2.86,2da90c7d74bd46a0caf3777415b3ebd857,,,,0
2.86,2da90c7d74bd46a0caf3777415b3ebd858,,,,0
2.86,2da90c7d74bd46a0caf3777415b3ebd859,,,,0
2.86,2da90c7d74bd46a0caf3777415b3ebd860,,,,0
2.86,2da90c7d74bd46a0caf3777415b3ebd861,,,,0
2.86,2da90c7d74bd46a0caf3777415b3ebd862,,,,0
2.86,2da90c7d74bd46a0caf3777415b3ebd863,,,,0
2.86,2da90c7d74bd46a0caf3777415b3ebd864,,,,0
2.86,2da90c7d74bd46a0caf3777415b3ebd865,,,,0
2.86,2da90c7d74bd46a0caf3777415b3ebd866,,,,0
2.86,2da90c7d74bd46a0caf3777415b3ebd867,,,,0
2.86,2da90c7d74bd46a0caf3777415b3ebd868,,,,0
2.86,2da90c7d74bd46a0caf3777415b3ebd869,,,,0
2.86,2da90c7d74bd46a0caf3777415b3ebd870,,,,0
2.86,2da90c7d74bd46a0caf3777415b3ebd871,,,,0
2.86,2da90c7d74bd46a0caf3777415b3ebd872,,,,0
2.86,2da90c7d74bd46a0caf3777415b3ebd873,,,,0
2.86,2da90c7d74bd46a0caf3777415b3ebd874,,,,0
2.86,2da90c7d74bd46a0caf3777415b3ebd875,,,,0
2.86,2da90c7d74bd46a0caf3777415b3ebd876,,,,0
2.86,2da90c7d74bd46a0caf3777415b3ebd877,,,,0
2.86,2da90c7d74bd46a0caf3777415b3ebd878,,,,0
2.86,2da90c7d74bd46a0caf3777415b3ebd879,,,,0
2.86,2da90c7d74bd46a0caf3777415b3ebd880,,,,0
2.86,2da90c7d74bd46a0caf3777415b3ebd881,,,,0
2.86,2da90c7d74bd46a0caf3777415b3ebd882,,,,0
2.86,2da90c7d74bd46a0caf3777415b3ebd883,,,,0
2.86,2da90c7d74bd46a0caf3777415b3ebd884,,,,0
2.86,2da90c7d74bd46a0caf3777415b3ebd885,,,,0
2.86,2da90c7d74bd46a0caf3777415b3ebd886,,,,0
2.86,2da90c7d74bd46a0caf3777415b3ebd887,,,,0
2.86,2da90c7d74bd46a0caf3777415b3ebd888,,,,0
2.86,2da90c7d74bd46a0caf3777415b3ebd889,,,,0
2.86,2da90c7d74bd46a0caf3777415b3ebd890,,,,0
2.86,2da90c7d74bd46a0caf3777415b3ebd891,,,,0
2.86,2da90c7d74bd46a0caf3777415b3ebd892,,,,0
2.86,2da90c7d74bd46a0caf3777415b3ebd893,,,,0
2.86,2da90c7d74bd46a0caf3777415b3ebd894,,,,0
2.86,2da90c7d74bd46a0caf3777415b3ebd895,,,,0
2.86,2da90c7d74bd46a0caf3777415b3ebd896,,,,0
2.86,2da90c7d74bd46a0caf3777415b3ebd897,,,,0
2.86,2da90c7d74bd46a0caf3777415b3ebd898,,,,0
2.86,2da90c7d74bd46a0caf3777415b3ebd899,,,,0
2.86,2da90c7d74bd46a0caf3777415b3ebd900,,,,0
2.86,2da90c7d74bd46a0caf3777415b3ebd901,,,,0
2.86,2da90c7d74bd46a0caf3777415b3ebd902,,,,0
2.86,2da90c7d74bd46a0caf3777415b3ebd903,,,,0
2.86,2da90c7d74bd46a0caf3777415b3ebd904,,,,0
2.86,2da90c7d74bd46a0caf3777415b3ebd905,,,,0
2.86,2da90c7d74bd46a0caf3777415b3ebd906,,,,0
2.86,2da90c7d74bd46a0caf3777415b3ebd907,,,,0
2.86,2da90c7d74bd46a0caf3777415b3ebd908,,,,0
2.86,2da90c7d74bd46a0caf3777415b3ebd909,,,,0
2.86,2da90c7d74bd46a0caf3777415b3ebd910,,,,0
2.86,2da90c7d74bd46a0caf3777415b3ebd911,,,,0
2.86,2da90c7d74bd46a0caf3777415b3ebd912,,,,0
2.86,2da90c7d74bd46a0caf3777415b3ebd913,,,,0
2.86,2da90c7d74bd46a0caf3777415b3ebd914,,,,0
2.86,2da90c7d74bd46a0caf3777415b3ebd915,,,,0
2.86,2da90c7d74bd46a0caf3777415b3ebd916,,,,0
2.86,2da90c7d74bd46a0caf3777415b3ebd917,,,,0
2.86,2da90c7d74bd46a0caf3777415b3ebd918,,,,0
2.86,2da90c7d74bd46a0caf3777415b3ebd919,,,,0
2.86,2da90c7d74bd46a0caf3777415b3ebd920,,,,0
2.86,2da90c7d74bd46a0caf3777415b3ebd921,,,,0
2.86,2da90c7d74bd46a0caf3777415b3ebd922,,,,0
2.86,2da90c7d74bd46a0caf3777415b3ebd923,,,,0
2.86,2da90c7d74bd46a0caf3777415b3ebd924,,,,0
2.86,2da90c7d74bd46a0caf3777415b3ebd925,,,,0
2.86,2da90c7d74bd46a0caf3777415b3ebd926,,,,0
2.86,2da90c7d74bd46a0caf3777415b3ebd927,,,,0
2.86,2da90c7d74bd46a0caf3777415b3ebd928,,,,0
2.86,2da90c7d74bd46a0caf3777415b3ebd929,,,,0
2.86,2da90c7d74bd46a0caf3777415b3ebd930,,,,0
2.86,2da90c7d74bd46a0caf3777415b3ebd931,,,,0
2.86,2da90c7d74bd46a0caf3777415b3ebd932,,,,0
2.86,2da90c7d74bd46a0caf3777415b3ebd933,,,,0
2.86,2da90c7d74bd46a0caf3777415b3ebd934,,,,0
2.86,2da90c7d74bd46a0caf3777415b3ebd935,,,,0
2.86,2da90c7d74bd46a0caf3777415b3ebd936,,,,0
2.86,2da90c7d74bd46a0caf3777415b3ebd937,,,,0
2.86,2da90c7d74bd46a0caf3777415b3ebd938,,,,0
2.86,2da90c7d74bd46a0caf3777415b3ebd939,,,,0
2.86,2da90c7d74bd46a0caf3777415b3ebd940,,,,0
2.86,2da90c7d74bd46a0caf3777415b3ebd941,,,,0
2.86,2da90c7d74bd46a0caf3777415b3ebd942,,,,0
2.86,2da90c7d74bd46a0caf3777415b3ebd943,,,,0
2.86,2da90c7d74bd46a0caf3777415b3ebd944,,,,0
2.86,2da90c7d74bd46a0caf3777415b3ebd945,,,,0
2.86,2da90c7d74bd46a0caf3777415b3ebd946,,,,0
2.86,2da90c7d74bd46a0caf3777415b3ebd947,,,,0
2.86,2da90c7d74bd46a0caf3777415b3ebd948,,,,0
2.86,2da90c7d74bd46a0caf3777415b3ebd949,,,,0
2.86,2da90c7d74bd46a0caf3777415b3ebd950,,,,0
2.86,2da90c7d74bd46a0caf3777415b3ebd951,,,,0
2.86,2da90c7d74bd46a0caf3777415b3ebd952,,,,0
2.86,2da90c7d74bd46a0caf3777415b3ebd953,,,,0
2.86,2da90c7d74bd46a0caf3777415b3ebd954,,,,0
2.86,2da90c7d74bd46a0caf3777415b3ebd955,,,,0
2.86,2da90c7d74bd46a0caf3777415b3ebd956,,,,0
2.86,2da90c7d74bd46a0caf3777415b3ebd957,,,,0
2.86,2da90c7d74bd46a0caf3777415b3ebd958,,,,0
2.86,2da90c7d74bd46a0caf3777415b3ebd959,,,,0
2.86,2da90c7d74bd46a0caf3777415b3ebd960,,,,0
2.86,2da90c7d74bd46a0caf3777415b3ebd961,,,,0
2.86,2da90c7d74bd46a0caf3777415b3ebd962,,,,0
2.86,2da90c7d74bd46a0caf3777415b3ebd963,,,,0
2.86,2da90c7d74bd46a0caf3777415b3ebd964,,,,0
2.86,2da90c7d74bd46a0caf3777415b3ebd965,,,,0
2.86,2da90c7d74bd46a0caf3777415b3ebd966,,,,0
2.86,2da90c7d74bd46a0caf3777415b3ebd967,,,,0
2.86,2da90c7d74bd46a0caf3777415b3ebd968,,,,0
2.86,2da90c7d74bd46a0caf3777415b3ebd969,,,,0
2.86,2da90c7d74bd46a0caf3777415b3ebd970,,,,0
2.86,2da90c7d74bd46a0caf3777415b3ebd971,,,,0
2.86,2da90c7d74bd46a0caf3777415b3ebd972,,,,0
2.86,2da90c7d74bd46a0caf3777415b3ebd973,,,,0
2.86,2da90c7d74bd46a0caf3777415b3ebd974,,,,0
2.86,2da90c7d74bd46a0caf3777415b3ebd975,,,,0
2.86,2da90c7d74bd46a0caf3777415b3ebd976,,,,0
2.86,2da90c7d74bd46a0caf3777415b3ebd977,,,,0
2.86,2da90c7d74bd46a0caf3777415b3ebd978,,,,0
2.86,2da90c7d74bd46a0caf3777415b3ebd979,,,,0
2.86,2da90c7d74bd46a0caf3777415b3ebd980,,,,0
2.86,2da90c7d74bd46a0caf3777415b3ebd981,,,,0
2.86,2da90c7d74bd46a0caf3777415b3ebd982,,,,0
2.86,2da90c7d74bd46a0caf3777415b3ebd983,,,,0
2.86,2da90c7d74bd46a0caf3777415b3ebd984,,,,0
2.86,2da90c7d74bd46a0caf3777415b3ebd985,,,,0
2.86,2da90c7d74bd46a0caf3777415b3ebd986,,,,0
2.86,2da90c7d74bd46a0caf3777415b3ebd987,,,,0
2.86,2da90c7d74bd46a0caf3777415b3ebd988,,,,0
2.86,2da90c7d74bd46a0caf3777415b3ebd989,,,,0
2.86,2da90c7d74bd46a0caf3777415b3ebd990,,,,0
2.86,2da90c7d74bd46a0caf3777415b3ebd991,,,,0
2.86,2da90c7d74bd46a0caf3777415b3ebd992,,,,0
2.86,2da90c7d74bd46a0caf3777415b3ebd993,,,,0
2.86,2da90c7d74bd46a0caf3777415b3ebd994,,,,0
2.86,2da90c7d74bd46a0caf3777415b3ebd995,,,,0
2.86,2da90c7d74bd46a0caf3777415b3ebd996,,,,0
2.86,2da90c7d74bd46a0caf3777415b3ebd997,,,,0
2.86,2da90c7d74bd46a0caf3777415b3ebd998,,,,0
2.86,2da90c7d74bd46a0caf3777415b3ebd999,,,,0
2.86,2da90c7d74bd46a0caf3777415b3ebd1000,,,,0
2.86,2da90c7d74bd46a0caf3777415b3ebd1001,,,,0
